,battery_power,blue,clock_speed,dual_sim,fc,four_g,int_memory,n_cores,pc,ram,talk_time,touch_screen,wifi,price_range
0,1954,0,0.5,1,0,0,24,4,0,700,5,1,1,0
1,1445,1,0.5,0,0,0,53,7,14,1099,20,0,0,0
2,509,1,0.6,1,2,1,9,5,15,513,12,0,0,0
3,1866,0,0.5,0,13,1,52,1,17,373,3,0,1,0
4,775,0,1.0,0,3,0,46,2,16,568,11,1,1,0
5,1602,1,2.8,1,4,1,38,3,20,1037,20,0,0,0
6,851,0,0.5,0,3,0,21,5,7,478,10,0,1,0
7,1568,1,0.5,0,16,0,33,8,20,508,6,1,1,0
8,644,1,2.7,0,0,0,22,8,3,1262,15,0,0,0
9,1195,1,2.8,0,1,1,20,2,14,504,12,1,0,0
10,578,1,2.6,1,2,1,57,8,8,1270,5,0,1,0
11,823,1,2.7,1,13,0,60,8,19,905,17,1,1,0
12,799,1,2.3,0,1,1,63,8,6,431,6,1,1,0
13,1156,1,1.2,1,0,1,50,2,0,470,15,1,0,0
14,1242,0,1.1,1,0,0,10,2,1,1050,4,0,1,0
15,605,0,1.0,0,8,1,9,3,16,392,4,0,0,0
16,797,1,2.9,1,4,0,38,4,6,590,6,1,0,0
17,1114,0,2.8,0,4,1,9,3,15,907,17,1,0,0
18,1234,1,1.6,1,1,0,33,1,3,1449,6,0,1,0
19,1496,1,2.0,1,4,0,42,5,5,854,7,1,1,0
20,885,0,2.3,1,0,1,15,7,0,1410,5,1,1,0
21,879,1,2.5,0,11,1,14,6,15,349,2,0,1,0
22,1355,0,2.3,0,10,1,23,5,16,880,8,1,0,0
23,657,0,2.5,0,0,0,37,2,1,1412,18,1,0,0
24,1939,1,2.8,1,0,1,55,4,10,1047,18,1,0,0
25,553,0,2.4,1,1,1,8,7,3,1204,8,1,1,0
26,867,0,1.4,1,0,1,4,6,1,790,3,1,0,0
27,1308,0,1.3,1,8,0,46,1,12,488,9,1,0,0
28,1571,0,1.4,0,0,1,19,6,1,666,13,1,0,0
29,536,0,2.4,1,12,1,3,7,14,284,4,1,0,0
30,523,0,2.6,1,1,0,14,8,2,1427,9,1,0,0
31,1218,0,1.8,1,1,1,14,3,4,398,5,0,0,0
32,1678,0,2.1,0,3,1,64,3,11,278,10,1,0,0
33,1547,0,2.9,1,6,0,45,2,8,505,3,1,1,0
34,637,0,2.3,0,3,1,60,4,4,374,8,0,1,0
35,1224,0,0.5,0,16,1,6,6,18,506,11,1,1,0
36,1296,0,0.9,1,0,1,14,5,3,490,4,1,1,0
37,1193,0,0.9,0,11,0,26,1,20,536,4,0,1,0
38,685,0,0.5,0,2,0,29,7,10,728,4,0,1,0
39,703,1,2.7,0,12,1,30,1,20,1472,7,0,0,0
40,1165,1,2.4,0,11,0,41,6,12,764,15,0,0,0
41,1380,1,2.1,1,1,1,4,3,13,797,15,1,0,0
42,1703,1,0.5,0,0,1,22,1,0,1046,13,0,1,0
43,1087,0,1.3,0,0,1,16,3,9,690,6,0,1,0
44,1049,1,2.2,0,9,0,63,5,17,1022,13,0,0,0
45,903,0,1.0,1,0,1,50,1,0,711,10,1,0,0
46,1154,0,1.2,1,0,1,49,8,2,978,7,0,1,0
47,850,1,1.6,1,6,1,29,5,19,593,10,0,1,0
48,660,0,0.5,0,5,1,40,2,10,588,18,1,1,0
49,1715,0,1.0,1,4,1,31,8,17,625,13,0,0,0
50,1523,1,1.8,0,6,1,11,1,8,707,19,1,0,0
51,1799,1,0.5,0,0,0,49,4,2,720,11,1,1,0
52,862,1,0.8,1,3,0,23,2,15,278,11,0,1,0
53,1617,1,1.3,1,3,1,30,2,4,829,10,0,0,0
54,835,0,1.1,1,2,0,7,4,7,1181,15,1,1,0
55,1450,1,2.7,1,9,0,19,1,17,575,12,0,0,0
56,601,1,1.4,0,4,1,4,4,13,532,10,1,1,0
57,564,0,1.8,1,0,1,51,3,1,1074,15,1,0,0
58,1431,1,0.5,0,0,1,56,1,1,461,8,0,0,0
59,767,0,1.5,0,4,0,28,4,10,527,15,1,0,0
60,1066,0,0.6,0,2,1,7,7,18,468,6,1,0,0
61,730,0,2.1,1,0,1,4,8,2,1210,4,1,1,0
62,538,0,0.8,0,12,1,2,7,13,417,9,0,1,0
63,823,1,0.5,0,0,0,39,8,4,294,11,0,1,0
64,832,0,1.6,1,1,1,34,5,5,447,12,1,0,0
65,928,1,0.5,1,11,0,56,8,13,666,5,1,0,0
66,977,1,1.1,1,2,0,57,6,7,1206,8,1,1,0
67,768,1,0.9,0,16,1,56,1,20,952,16,0,1,0
68,1177,0,0.9,0,1,1,29,2,8,311,19,0,0,0
69,1530,0,2.0,0,11,0,42,6,13,725,19,0,1,0
70,645,0,1.2,0,6,1,41,8,17,714,13,1,0,0
71,1170,1,0.9,0,6,1,14,2,13,715,20,0,1,0
72,508,0,0.8,0,7,1,42,1,8,663,7,0,0,0
73,728,0,1.7,1,0,1,5,2,20,834,5,1,0,0
74,1379,1,2.1,1,14,1,63,1,17,651,7,1,0,0
75,1698,0,2.1,0,5,1,18,6,20,796,14,0,1,0
76,920,0,2.1,1,5,0,25,7,14,785,5,1,1,0
77,668,0,2.3,0,2,1,48,1,19,1201,4,1,0,0
78,618,0,2.1,0,2,0,6,1,4,1051,15,0,1,0
79,1604,1,1.7,0,2,0,33,8,5,916,12,1,1,0
80,880,0,2.0,1,1,1,50,7,3,827,6,0,1,0
81,1394,1,0.9,1,10,1,62,5,13,473,20,1,0,0
82,899,0,0.5,1,13,1,57,2,18,364,7,1,0,0
83,916,1,2.6,0,0,0,36,4,12,1470,14,1,0,0
84,763,0,1.7,1,8,1,2,8,14,1050,8,1,0,0
85,1067,1,1.7,1,0,0,58,7,0,706,16,1,0,0
86,1899,1,0.6,0,0,0,26,2,0,336,4,0,1,0
87,1058,0,1.5,0,2,0,19,4,14,418,16,0,1,0
88,880,1,1.7,1,0,0,33,2,2,1414,7,1,0,0
89,652,1,2.4,1,9,1,17,5,11,1974,12,0,0,0
90,1029,1,1.9,1,5,1,5,5,8,582,4,1,1,0
91,914,1,0.9,0,2,0,4,2,12,808,5,1,0,0
92,1681,1,2.5,0,2,0,11,2,13,1122,16,1,1,0
93,1190,1,2.2,1,9,0,47,6,10,624,19,1,1,0
94,728,0,2.3,1,4,0,23,4,5,457,16,1,1,0
95,954,1,0.5,0,0,0,50,2,11,438,2,0,0,0
96,1469,0,2.1,0,0,0,8,7,0,1052,3,1,0,0
97,1310,1,2.3,1,6,0,57,8,9,1175,8,0,0,0
98,1631,0,0.9,1,2,1,3,7,12,301,13,0,0,0
99,1608,0,1.8,1,7,0,28,2,13,489,8,0,1,0
100,1289,0,0.9,0,10,1,25,6,12,1043,11,1,0,0
101,513,1,0.5,0,6,1,44,4,12,1343,9,1,0,0
102,965,1,1.5,1,5,0,13,2,14,1138,10,1,0,0
103,1067,1,2.4,1,3,1,40,8,15,604,11,0,0,0
104,1433,0,1.6,0,7,0,4,8,11,258,4,1,1,0
105,765,0,2.9,0,0,1,18,7,0,1066,16,1,0,0
106,932,1,0.5,0,1,1,60,4,2,1459,19,1,0,0
107,601,0,2.1,0,4,0,26,4,18,918,12,0,0,0
108,1417,1,2.7,0,2,1,56,6,4,590,6,0,1,0
109,1330,1,1.3,1,14,0,3,5,17,463,11,0,1,0
110,1277,0,3.0,0,0,1,41,4,3,429,14,1,1,0
111,685,0,2.7,0,7,0,17,6,20,1223,18,0,1,0
112,1902,0,2.8,1,6,0,50,8,9,343,18,1,0,0
113,1278,1,0.5,1,1,0,54,8,16,1155,20,0,1,0
114,1438,0,2.2,0,0,1,32,7,6,869,9,1,1,0
115,1661,1,1.4,0,0,0,29,2,0,591,9,1,1,0
116,1678,1,2.3,1,11,0,7,1,14,574,19,0,0,0
117,1076,1,2.6,0,3,1,38,6,8,891,9,1,0,0
118,532,1,0.8,1,3,0,8,5,10,728,8,1,0,0
119,577,0,2.4,0,8,1,37,6,20,814,19,1,1,0
120,504,1,0.5,1,5,0,16,1,9,701,15,0,1,0
121,726,0,2.9,0,0,0,43,8,0,1446,8,1,0,0
122,1454,1,1.6,0,6,1,21,4,10,719,10,1,1,0
123,1230,1,2.2,1,6,0,26,5,7,988,9,1,1,0
124,1191,0,2.4,1,2,0,13,1,7,1028,8,1,1,0
125,1271,1,0.5,0,12,0,32,7,15,445,14,0,1,0
126,1170,1,1.2,0,4,0,30,8,15,1073,8,1,0,0
127,1974,0,1.0,0,4,0,24,7,13,861,6,0,1,0
128,934,0,1.1,0,7,0,24,5,12,1017,9,0,1,0
129,1195,0,2.0,1,1,1,23,4,9,980,17,0,0,0
130,1232,0,2.9,1,1,1,24,5,17,1257,16,0,0,0
131,1813,1,0.6,1,0,1,5,3,8,759,14,1,0,0
132,739,1,2.3,1,2,1,58,3,4,475,6,0,1,0
133,704,1,2.7,0,8,1,29,1,10,1122,10,1,1,0
134,1219,0,1.0,1,0,0,17,5,4,705,6,1,1,0
135,652,0,0.5,1,1,0,58,3,2,565,9,0,1,0
136,1137,0,2.2,0,6,1,3,5,7,316,17,0,0,0
137,1835,1,2.3,0,4,1,11,7,13,448,14,0,0,0
138,1719,1,2.0,0,0,0,12,8,7,462,5,0,0,0
139,922,0,1.5,1,1,1,35,7,15,1165,4,1,1,0
140,1430,1,0.9,0,3,0,56,3,5,752,17,0,1,0
141,557,1,1.6,0,0,0,24,3,0,1305,3,0,1,0
142,1620,1,2.2,1,0,1,30,3,3,606,18,0,0,0
143,1359,1,0.5,1,1,1,58,6,3,1076,4,1,1,0
144,1645,1,1.8,0,1,0,21,7,2,783,20,0,0,0
145,600,0,0.5,0,0,0,14,5,2,1655,9,0,0,0
146,1063,1,2.5,0,0,1,31,6,10,961,5,1,0,0
147,1715,0,1.9,0,4,1,3,5,6,514,13,0,0,0
148,543,1,0.5,1,4,1,60,5,7,933,5,1,0,0
149,1462,1,1.7,1,1,0,25,7,18,824,13,0,1,0
150,666,1,0.5,1,7,1,54,3,13,1254,9,1,1,0
151,568,0,2.0,0,1,0,36,3,4,950,9,0,0,0
152,1897,0,3.0,0,1,1,21,8,2,273,3,1,1,0
153,914,1,0.5,0,0,1,26,4,0,1122,2,1,1,0
154,1721,1,0.5,1,4,1,33,4,5,707,5,1,1,0
155,890,1,2.2,1,4,0,44,8,13,751,3,0,0,0
156,1979,1,1.6,1,0,0,32,7,1,452,14,1,0,0
157,710,1,0.5,0,6,0,32,5,9,1419,18,1,0,0
158,1034,0,2.6,1,2,1,45,3,4,969,7,0,0,0
159,675,0,2.3,0,10,0,60,5,15,1735,13,0,1,0
160,1362,0,0.5,0,3,0,25,7,9,995,18,1,1,0
161,768,0,0.5,1,0,0,19,2,1,1145,7,0,1,0
162,1314,0,2.9,1,8,1,41,4,12,626,4,1,1,0
163,1486,0,2.6,0,7,0,52,4,15,297,15,1,0,0
164,1979,1,2.9,1,0,1,19,3,9,411,2,1,1,0
165,561,1,2.1,1,7,1,2,3,13,665,4,1,0,0
166,535,0,1.5,0,1,1,48,1,4,740,18,1,0,0
167,1640,1,0.7,0,10,1,21,7,14,337,5,1,0,0
168,1108,1,1.3,1,14,1,2,7,20,1229,4,1,0,0
169,863,0,1.6,1,5,1,6,4,13,520,18,0,1,0
170,1271,0,0.5,1,2,0,54,8,3,990,6,1,1,0
171,1049,0,0.6,1,8,1,2,6,10,433,6,0,0,0
172,984,1,0.5,0,13,1,42,7,17,898,13,1,0,0
173,771,1,0.5,0,3,0,25,4,6,770,20,1,0,0
174,503,0,2.5,0,3,0,57,6,11,305,16,0,1,0
175,545,0,0.5,0,0,1,11,3,1,616,19,1,1,0
176,1264,0,2.9,1,2,1,34,3,3,419,3,1,1,0
177,1432,1,1.7,1,6,1,39,4,18,504,10,1,0,0
178,558,1,2.8,0,1,1,49,5,4,392,8,1,1,0
179,829,0,0.5,0,0,0,56,7,1,820,11,0,1,0
180,733,0,2.1,0,5,1,7,7,10,1403,2,1,0,0
181,550,1,0.5,0,16,1,23,2,17,302,8,0,0,0
182,969,0,2.4,0,0,0,45,7,0,404,19,0,1,0
183,1160,0,1.1,0,1,1,63,3,2,595,15,0,1,0
184,827,0,1.1,1,2,1,18,2,16,1663,17,1,1,0
185,819,1,2.5,1,0,1,11,8,1,1094,15,0,0,0
186,1067,0,1.8,1,11,0,14,1,15,966,13,0,1,0
187,915,0,1.1,0,6,0,56,8,17,905,12,1,0,0
188,911,1,2.9,0,0,0,46,5,1,363,17,1,0,0
189,1320,0,2.1,1,0,1,41,7,2,542,14,1,0,0
190,1422,0,1.0,0,15,0,3,1,17,509,3,1,1,0
191,1591,1,2.2,1,4,1,52,3,16,282,14,1,1,0
192,691,1,2.7,1,4,1,33,4,8,424,15,1,1,0
193,807,0,0.5,0,9,0,8,5,20,1284,2,1,1,0
194,1113,0,0.6,1,0,0,25,1,10,277,12,0,1,0
195,1188,1,1.5,1,0,0,54,6,2,485,7,1,0,0
196,805,1,0.7,0,0,0,64,4,14,418,17,1,1,0
197,1236,0,0.9,1,2,1,57,1,14,1406,20,0,1,0
198,1387,0,0.5,0,0,1,61,3,0,629,11,1,0,0
199,1860,0,0.5,1,2,1,55,6,3,676,4,0,1,0
200,1907,0,2.0,0,13,0,55,7,15,286,17,0,1,0
201,1489,0,2.4,1,8,0,32,1,16,776,8,0,0,0
202,825,1,1.5,0,11,0,38,3,18,716,14,1,0,0
203,1286,1,2.3,0,10,1,16,2,18,424,4,1,0,0
204,1195,1,1.1,1,2,1,8,6,6,643,19,0,0,0
205,525,0,2.4,1,11,0,35,7,20,1609,3,0,0,0
206,1425,0,1.2,0,9,1,35,8,14,590,6,1,1,0
207,981,1,1.9,1,0,0,2,3,7,1539,19,0,0,0
208,1236,1,2.8,0,6,1,32,4,18,942,14,1,1,0
209,603,1,0.7,1,0,1,64,6,0,604,8,1,1,0
210,1413,0,0.6,0,0,1,13,1,0,515,18,1,0,0
211,1064,0,2.9,1,1,1,34,6,13,654,6,0,0,0
212,1554,0,2.7,1,3,1,47,5,12,509,19,0,0,0
213,1059,0,0.5,1,0,0,50,8,1,619,18,1,1,0
214,1372,1,2.7,0,7,0,34,4,17,725,20,0,0,0
215,783,1,1.7,1,9,1,27,6,11,1185,6,1,1,0
216,1062,0,1.5,0,3,0,45,3,4,911,9,0,0,0
217,1800,1,3.0,0,5,0,53,1,12,656,18,0,1,0
218,1205,0,0.5,1,3,0,12,4,6,860,14,0,1,0
219,816,1,0.5,0,4,0,14,3,13,1018,15,0,0,0
220,904,0,1.8,0,3,1,35,3,4,1360,11,0,0,0
221,934,0,2.0,1,2,0,30,8,15,703,7,0,1,0
222,874,0,1.3,0,5,0,8,1,20,582,15,0,0,0
223,1689,1,2.4,1,0,1,13,2,9,1172,17,1,1,0
224,743,0,0.5,1,0,1,33,2,1,316,4,0,0,0
225,1061,1,2.1,0,3,1,52,7,4,999,9,1,0,0
226,674,1,2.8,1,0,1,8,3,0,589,4,1,0,0
227,1625,1,0.5,1,2,1,50,8,17,670,8,0,0,0
228,907,0,1.4,1,3,0,42,1,16,584,6,0,0,0
229,852,1,1.6,1,6,1,54,5,7,1275,12,0,1,0
230,1910,1,1.7,0,0,0,34,2,0,309,10,0,1,0
231,1807,0,2.0,1,0,1,13,8,0,323,3,1,1,0
232,1239,0,1.2,1,5,1,52,2,10,417,6,0,1,0
233,672,1,0.5,1,0,0,54,4,11,667,14,0,0,0
234,1130,1,2.5,0,4,1,58,5,14,1018,16,0,0,0
235,1597,0,2.3,0,11,0,34,1,14,934,9,1,0,0
236,1261,1,0.5,1,0,1,11,4,0,348,14,0,1,0
237,1068,0,0.7,1,9,0,51,4,15,550,6,1,0,0
238,1713,0,3.0,1,5,1,20,7,17,971,10,0,0,0
239,686,1,0.5,0,11,0,3,6,15,570,19,1,0,0
240,818,0,1.3,0,14,0,43,6,15,546,7,1,1,0
241,1068,0,0.5,1,0,1,19,8,9,1209,12,1,0,0
242,1524,0,2.6,1,5,0,57,2,12,947,16,1,1,0
243,511,1,0.6,1,12,0,50,3,16,1484,8,0,0,0
244,1402,1,0.6,1,3,0,46,7,12,347,12,0,1,0
245,919,0,0.5,1,11,0,13,1,15,1028,17,0,0,0
246,772,0,2.6,1,7,0,6,2,10,929,18,1,1,0
247,536,1,1.4,0,0,1,53,3,0,1211,7,0,1,0
248,1633,0,1.7,1,3,1,33,2,19,511,7,1,0,0
249,551,1,2.8,0,0,1,54,7,15,1414,19,0,1,0
250,1576,0,2.6,0,7,0,58,3,16,336,13,1,1,0
251,950,1,0.5,0,9,0,55,5,10,1095,13,1,0,0
252,1081,1,2.5,1,13,0,49,3,17,325,6,0,1,0
253,606,0,2.5,0,1,1,53,4,2,1223,7,0,0,0
254,1949,1,1.4,0,7,0,57,7,11,356,19,0,0,0
255,1696,0,1.7,0,1,0,13,3,2,523,4,1,1,0
256,1104,0,1.7,0,1,1,60,2,13,1229,3,1,1,0
257,1154,0,0.5,0,12,1,14,7,14,587,4,1,1,0
258,1948,0,2.8,1,5,1,18,2,14,816,3,0,0,0
259,1959,0,0.5,1,5,0,18,6,20,619,8,1,1,0
260,1043,1,0.5,0,7,0,42,3,8,912,6,1,0,0
261,1703,1,0.5,0,5,1,23,6,7,793,17,1,0,0
262,1095,1,0.5,0,4,0,45,1,5,560,10,1,0,0
263,1414,0,2.6,0,1,0,27,4,20,312,8,0,1,0
264,1659,1,2.5,0,2,0,41,7,18,545,9,1,1,0
265,1189,1,2.3,0,13,0,8,3,14,893,13,1,0,0
266,516,0,1.1,1,0,1,39,5,7,819,10,1,1,0
267,530,1,2.6,0,1,0,40,6,2,1229,2,1,0,0
268,1655,1,0.5,1,6,1,4,3,12,673,12,0,0,0
269,1403,1,2.5,1,3,0,62,4,13,921,18,0,0,0
270,688,1,1.5,0,0,0,2,3,2,391,8,1,1,0
271,1697,0,0.5,0,0,1,60,4,0,441,11,1,0,0
272,741,0,1.5,0,1,0,14,5,13,1886,9,1,1,0
273,514,1,0.7,0,4,0,57,3,7,687,20,1,1,0
274,1510,1,2.5,1,11,0,47,2,13,887,5,0,0,0
275,1266,0,2.6,0,1,0,18,7,2,398,3,1,1,0
276,1224,1,1.8,1,2,1,44,2,9,621,14,1,1,0
277,1671,0,0.5,1,13,0,5,8,18,815,10,1,1,0
278,1447,1,2.5,1,2,0,9,8,16,568,8,0,0,0
279,921,0,0.6,1,1,0,60,2,3,1080,6,0,1,0
280,831,0,2.4,0,10,0,55,6,12,1075,3,1,0,0
281,1851,1,1.9,1,3,1,12,6,11,735,14,0,1,0
282,987,0,2.0,1,1,0,20,7,3,1454,8,1,0,0
283,1587,1,0.5,0,0,0,50,8,15,461,4,0,1,0
284,504,0,2.8,1,0,0,40,3,0,470,16,0,0,0
285,1268,1,2.9,0,9,1,42,6,17,931,20,1,0,0
286,999,1,1.8,1,0,1,27,4,1,1344,5,0,0,0
287,1100,1,1.6,0,12,0,15,8,14,757,16,1,1,0
288,909,1,0.5,1,9,0,30,3,10,594,4,1,1,0
289,709,0,1.9,0,11,1,13,8,15,467,5,1,1,0
290,1744,0,2.8,0,0,1,62,1,0,345,14,0,0,0
291,1300,1,0.5,0,5,0,62,6,7,874,10,1,0,0
292,1092,1,0.5,1,10,0,11,3,14,737,11,1,0,0
293,1130,0,1.8,1,0,0,27,1,8,315,11,1,0,0
294,708,0,1.9,0,0,0,26,7,1,1419,16,1,1,0
295,530,0,2.4,0,1,0,32,6,20,959,6,1,0,0
296,627,0,1.8,0,2,0,20,3,8,896,14,0,0,0
297,713,1,1.6,0,7,1,2,8,9,485,4,1,1,0
298,984,0,0.5,1,3,1,9,3,20,841,16,0,0,0
299,1515,0,2.6,0,0,1,56,3,1,262,20,1,0,0
300,721,0,0.5,1,6,1,6,4,9,530,8,0,1,0
301,697,0,2.7,1,5,1,20,2,6,259,4,1,1,0
302,717,1,0.5,1,4,0,10,1,5,688,15,1,0,0
303,1971,1,0.5,1,0,0,40,7,19,571,17,1,0,0
304,1794,1,0.5,1,5,1,55,7,7,402,14,0,1,0
305,1558,1,2.5,0,2,1,32,5,3,878,17,1,1,0
306,1994,1,0.8,1,2,1,7,8,4,454,6,1,0,0
307,1935,0,0.5,0,0,1,29,5,9,455,6,0,1,0
308,712,0,2.5,1,1,0,49,6,3,401,10,0,1,0
309,1083,0,1.0,0,6,0,52,2,20,681,19,1,1,0
310,1097,0,1.4,0,0,0,60,1,17,509,12,0,0,0
311,740,0,1.8,0,1,0,12,1,11,1105,19,1,1,0
312,1053,0,2.9,0,7,0,42,6,17,1339,14,0,1,0
313,1174,0,0.7,1,1,1,25,2,8,285,3,0,1,0
314,1528,0,2.4,0,2,0,37,8,3,733,14,1,0,0
315,875,0,0.7,0,2,0,23,7,7,756,6,0,0,0
316,584,1,1.8,0,0,1,19,3,0,465,4,1,0,0
317,912,1,2.8,1,6,1,46,4,11,851,4,1,1,0
318,1365,0,0.6,0,0,1,31,4,0,1300,13,0,1,0
319,589,1,0.5,0,1,1,59,8,4,362,6,1,1,0
320,871,0,0.6,0,2,0,52,3,3,437,17,0,0,0
321,1928,0,2.6,0,5,0,5,5,16,696,15,1,1,0
322,831,0,1.7,1,7,1,26,5,11,1704,20,1,1,0
323,1901,1,0.5,0,5,1,41,2,17,368,12,0,0,0
324,808,0,1.9,0,7,0,20,6,14,1471,11,1,0,0
325,912,0,0.7,0,3,0,47,3,6,1321,6,1,1,0
326,1498,1,1.2,1,0,1,14,4,1,577,12,1,0,0
327,882,0,0.7,1,9,1,28,6,16,751,8,0,1,0
328,1549,1,1.5,1,0,1,27,5,7,436,11,0,0,0
329,1991,0,2.2,1,1,1,42,1,13,722,10,1,0,0
330,796,0,0.5,0,2,0,12,1,8,1075,2,1,0,0
331,541,1,2.3,0,4,0,51,8,17,403,12,0,0,0
332,1414,0,0.5,0,0,1,15,2,0,1069,14,0,0,0
333,1616,1,2.3,1,3,0,52,5,8,657,2,1,0,0
334,539,0,2.0,1,1,0,24,4,2,1326,3,1,0,0
335,826,0,0.5,1,0,1,57,2,0,323,7,0,1,0
336,1420,0,2.8,1,1,0,50,8,8,763,17,1,1,0
337,1763,0,0.5,1,12,0,10,3,19,792,13,0,1,0
338,1801,0,0.5,1,6,0,52,6,10,258,9,0,0,0
339,1686,1,0.5,1,4,0,28,5,8,780,5,0,0,0
340,1444,1,2.1,1,0,0,6,1,1,712,10,0,0,0
341,1004,0,1.6,1,0,1,30,8,1,1012,13,1,1,0
342,1242,1,2.4,0,8,0,28,4,9,318,19,0,0,0
343,717,0,1.1,1,2,1,14,8,6,629,20,0,0,0
344,1540,0,0.7,1,0,1,29,7,1,1161,5,0,0,0
345,672,0,0.5,0,7,1,35,8,17,1403,6,0,0,0
346,950,0,0.5,0,6,1,55,8,7,1305,4,0,1,0
347,1447,0,0.5,0,3,0,40,2,5,471,20,0,1,0
348,1791,1,0.5,1,1,1,33,5,4,594,16,0,1,0
349,851,0,2.3,1,7,1,54,2,9,1005,14,0,1,0
350,951,0,0.5,0,6,1,15,2,17,1083,16,1,0,0
351,1448,0,0.5,1,18,0,2,5,19,593,18,1,1,0
352,820,0,0.5,1,2,0,58,4,4,1284,17,0,1,0
353,904,0,2.7,1,4,0,19,6,7,545,16,0,0,0
354,630,0,2.0,0,9,1,14,8,13,1212,12,0,0,0
355,1811,1,0.5,1,0,0,32,6,0,348,18,0,1,0
356,514,1,2.9,1,5,0,18,2,8,980,16,0,1,0
357,1933,0,2.8,1,1,0,16,3,9,838,18,1,0,0
358,915,0,2.0,0,8,1,31,3,20,378,9,1,0,0
359,1006,0,2.2,1,4,1,22,4,8,909,7,0,1,0
360,1180,1,2.5,0,0,1,27,6,1,348,19,1,1,0
361,1142,1,1.4,1,6,0,6,8,8,663,5,1,1,0
362,1002,0,2.7,1,16,1,11,6,18,961,19,0,1,0
363,1249,1,0.5,0,3,1,55,3,8,531,13,1,1,0
364,1201,1,0.5,0,1,1,10,6,5,726,3,1,0,0
365,776,1,1.7,0,0,1,20,4,9,685,7,1,1,0
366,726,0,2.2,0,0,1,40,4,20,1342,4,1,1,0
367,1150,1,2.7,0,0,0,39,8,1,999,11,1,0,0
368,742,1,2.3,0,0,0,21,8,1,331,7,0,0,0
369,772,1,1.2,1,7,1,8,7,8,422,15,0,0,0
370,1130,1,0.5,1,1,1,29,1,14,432,10,1,1,0
371,1183,1,0.5,1,3,1,48,8,12,1152,3,0,0,0
372,574,1,2.0,1,0,1,26,6,2,1303,2,0,1,0
373,1472,0,3.0,0,4,1,20,2,6,797,11,1,0,0
374,1868,1,0.5,0,2,1,40,8,17,298,17,1,0,0
375,852,0,1.8,1,5,1,8,5,9,315,20,0,0,0
376,1343,0,2.4,1,5,1,14,8,10,462,11,1,1,0
377,595,0,2.6,0,0,1,20,2,18,1593,2,0,1,0
378,1650,0,2.3,0,0,1,38,1,1,324,2,1,1,0
379,571,1,2.0,1,5,1,58,6,11,555,11,0,1,0
380,642,1,0.5,0,0,1,38,5,10,435,2,1,0,0
381,875,1,0.7,1,1,0,30,8,8,702,15,1,1,0
382,891,0,1.9,1,1,1,18,6,3,1303,4,1,1,0
383,1110,0,0.6,0,1,0,42,5,2,456,18,1,0,0
384,769,0,0.5,1,12,1,54,4,19,941,20,0,1,0
385,1273,1,0.7,0,1,0,23,6,14,558,13,0,0,0
386,1062,0,0.5,0,3,1,39,4,4,1345,11,0,1,0
387,1317,0,1.5,0,6,0,12,2,9,425,11,1,1,0
388,1546,1,1.6,1,2,1,27,2,6,267,16,1,0,0
389,793,1,1.9,1,0,1,43,8,2,1050,3,1,1,0
390,1110,0,1.5,0,2,1,12,8,5,624,15,0,0,0
391,1897,1,1.9,0,2,1,54,2,7,412,2,0,0,0
392,1202,1,2.4,1,0,0,19,2,1,595,3,0,0,0
393,1171,1,1.7,1,2,0,19,7,19,263,8,0,0,0
394,1973,1,2.4,1,6,0,46,4,10,639,3,0,1,0
395,848,1,2.8,0,1,0,8,7,3,436,15,1,1,0
396,1254,1,1.2,0,2,1,27,2,10,817,16,1,1,0
397,1179,1,0.8,0,1,0,5,5,17,543,18,0,1,0
398,1000,0,2.7,0,1,1,58,5,12,862,20,0,0,0
399,841,0,0.5,0,6,1,11,5,14,957,11,1,0,0
400,1194,0,2.3,0,6,1,34,2,12,313,19,1,0,0
401,986,1,0.8,0,13,1,28,4,20,1149,18,1,0,0
402,771,1,0.5,1,0,1,33,3,17,920,10,1,1,0
403,1948,0,2.9,1,4,0,5,1,13,361,10,1,0,0
404,626,1,2.8,1,3,1,11,2,9,1077,4,0,1,0
405,1727,1,2.1,1,10,0,57,6,18,512,6,0,0,0
406,1146,0,3.0,0,5,1,57,5,10,291,11,1,1,0
407,535,0,1.9,0,5,0,24,8,19,524,4,0,0,0
408,1619,1,0.9,0,3,0,20,6,9,464,16,0,1,0
409,1002,1,1.8,0,1,0,45,7,7,1234,18,1,0,0
410,742,1,0.5,0,0,1,36,3,1,292,6,1,1,0
411,942,0,1.4,1,8,0,27,4,9,587,13,1,1,0
412,1290,1,1.4,1,19,1,35,4,20,879,8,0,0,0
413,548,0,1.0,1,0,1,56,4,14,562,8,1,1,0
414,1083,1,1.4,1,2,1,49,5,9,1338,5,1,1,0
415,1969,0,0.8,1,5,1,7,8,20,315,7,1,0,0
416,833,1,0.6,1,0,1,27,4,2,586,19,0,1,0
417,1174,1,0.9,0,7,0,30,4,20,804,16,1,1,0
418,1002,0,2.6,1,7,0,27,1,10,1295,17,0,1,0
419,1607,0,1.1,1,6,1,20,2,8,885,14,1,0,0
420,1066,0,3.0,1,6,1,5,5,7,1044,11,0,0,0
421,946,1,1.4,0,9,0,26,6,10,1637,6,0,1,0
422,657,1,1.9,1,2,0,21,8,8,783,11,1,0,0
423,926,1,0.8,0,6,1,59,7,14,256,2,0,1,0
424,1339,1,0.5,1,10,1,21,4,11,867,3,1,0,0
425,995,0,1.3,1,1,0,10,4,3,609,5,0,1,0
426,581,0,0.6,0,5,1,56,2,10,354,13,1,1,0
427,808,1,0.5,1,3,0,46,8,15,1082,10,0,1,0
428,993,1,2.3,1,0,0,16,7,13,1113,6,0,1,0
429,733,1,0.6,1,0,0,63,7,10,984,9,0,1,0
430,1514,1,1.4,0,3,1,12,3,4,1037,15,0,1,0
431,574,1,3.0,0,1,1,30,2,3,1167,19,0,0,0
432,909,1,0.7,1,7,0,47,3,9,1244,16,1,0,0
433,1251,0,0.5,1,10,1,29,6,16,1052,11,0,0,0
434,1203,1,0.5,1,0,1,11,2,12,1672,19,1,0,0
435,527,0,0.7,1,4,0,53,1,11,1302,13,0,0,0
436,873,1,0.5,1,6,0,8,7,9,575,7,0,1,0
437,1358,0,1.7,0,0,0,60,3,1,440,13,0,0,0
438,713,0,1.4,1,4,0,53,1,17,1462,13,0,1,0
439,1207,0,0.5,0,0,0,58,8,0,503,5,1,0,0
440,594,1,2.6,0,1,0,27,5,2,708,17,1,1,0
441,1565,1,0.5,0,0,0,38,5,1,308,7,1,1,0
442,1052,0,0.9,0,1,0,6,4,16,552,11,0,1,0
443,837,0,2.4,1,1,0,51,5,15,594,20,0,1,0
444,665,1,0.7,0,0,1,31,5,2,690,15,0,0,0
445,1065,0,1.7,1,4,1,48,6,8,265,12,0,0,0
446,958,1,1.6,0,9,1,60,1,12,1417,19,0,1,0
447,720,1,0.9,1,12,1,14,4,14,1086,3,1,0,0
448,592,0,0.8,1,1,0,52,7,10,1507,4,0,1,0
449,969,0,1.8,1,2,1,44,3,7,641,8,0,1,0
450,504,1,1.0,0,8,0,14,7,9,1607,10,1,1,0
451,689,0,2.9,1,3,1,7,2,6,1241,16,0,0,0
452,1685,0,0.6,0,14,0,16,7,15,881,17,1,1,0
453,1944,0,0.6,1,9,1,59,7,10,769,3,0,1,0
454,648,1,1.8,0,1,1,60,4,4,819,4,0,0,0
455,1702,1,0.5,1,8,0,2,6,19,435,3,1,1,0
456,1571,0,2.9,0,1,0,30,7,3,586,4,1,1,0
457,856,1,1.1,1,14,1,19,6,19,650,10,0,1,0
458,649,1,1.4,0,4,1,19,7,12,739,2,1,0,0
459,1646,0,2.5,0,3,1,25,2,5,686,11,1,0,0
460,1189,1,1.9,0,5,0,7,2,20,841,11,1,0,0
461,1043,0,2.7,0,3,0,29,8,17,1183,8,0,0,0
462,1220,1,2.8,0,1,0,54,7,20,1037,15,0,0,0
463,1442,0,0.6,1,1,0,27,5,8,991,7,0,0,0
464,868,1,0.9,0,5,0,5,4,7,1519,2,0,1,0
465,864,0,1.6,1,0,1,53,6,1,493,10,1,0,0
466,591,0,2.1,1,18,1,16,7,20,704,4,1,1,0
467,1205,1,2.7,0,5,0,10,6,10,953,20,1,1,0
468,713,0,0.9,1,0,0,42,1,14,928,9,0,1,0
469,1544,0,2.4,0,18,1,12,7,20,489,2,0,1,0
470,1367,0,2.9,0,4,0,56,2,6,299,10,1,0,0
471,1179,1,0.5,0,7,1,32,2,12,340,16,0,0,0
472,1549,1,1.8,1,0,0,62,4,4,799,9,0,1,0
473,1799,0,1.0,0,1,1,30,3,9,445,10,1,0,0
474,1837,0,0.5,0,9,0,36,4,20,770,15,0,1,0
475,1027,1,0.8,0,7,0,18,7,11,1234,14,0,1,0
476,1259,0,1.2,1,0,0,13,2,0,340,4,0,1,0
477,1969,0,1.2,1,9,0,63,4,11,298,10,1,0,0
478,759,0,2.5,0,3,1,39,2,8,968,2,0,0,0
479,1802,0,2.7,1,0,1,10,7,9,696,3,1,0,0
480,1318,1,2.4,0,1,1,45,2,7,755,9,0,1,0
481,764,0,1.0,1,9,1,45,8,11,1341,12,0,0,0
482,1283,1,2.4,1,8,1,33,3,15,773,2,1,0,0
483,719,0,2.9,0,7,0,6,6,8,841,2,0,0,0
484,544,1,0.5,1,2,1,7,5,15,1675,17,1,0,0
485,1007,1,2.9,1,5,1,21,8,12,1301,12,1,0,0
486,590,1,1.2,1,0,0,32,6,1,1817,6,1,0,0
487,1327,0,2.8,0,10,0,23,7,16,872,4,1,1,0
488,686,1,2.7,1,0,0,36,4,1,1503,13,0,0,0
489,555,1,0.5,1,2,0,17,5,12,343,3,1,1,0
490,672,1,0.6,1,13,0,61,5,20,1457,20,0,1,0
491,659,0,1.4,1,2,1,3,8,6,967,14,0,1,0
492,1667,0,1.0,1,0,1,21,2,0,635,15,0,0,0
493,1191,0,0.8,0,6,1,46,6,9,824,7,0,0,0
494,1201,1,0.5,0,2,0,10,7,7,495,14,1,1,0
495,618,1,1.0,0,9,1,13,4,15,1424,7,1,0,0
496,1617,1,2.4,0,8,1,36,1,9,296,7,0,0,0
497,674,1,2.9,1,1,0,21,3,4,1180,4,1,1,0
498,794,1,0.5,1,0,1,2,6,14,668,19,1,0,0
499,1512,0,0.9,0,4,1,46,5,5,869,19,1,1,0
500,842,0,2.2,0,1,0,7,2,2,2549,19,0,1,1
501,1821,1,1.2,0,13,1,44,2,14,1411,15,1,0,1
502,1859,0,0.5,1,3,0,22,1,7,1067,10,0,0,1
503,1815,0,2.8,0,2,0,33,4,17,1482,2,0,0,1
504,1131,1,0.5,1,11,0,49,5,18,1835,16,1,0,1
505,682,1,0.5,0,4,0,19,4,11,2337,18,1,1,1
506,1949,0,2.6,1,4,0,47,4,7,1433,20,0,1,1
507,503,0,1.2,1,5,1,8,3,13,2583,12,0,0,1
508,1319,1,0.9,0,3,1,41,1,18,2227,3,1,1,1
509,725,0,1.3,1,16,0,60,8,17,1326,15,0,0,1
510,589,1,2.3,1,1,0,61,4,10,2113,2,0,1,1
511,1253,1,0.5,1,5,1,5,2,19,1878,4,1,0,1
512,1656,0,1.0,0,5,1,34,3,7,1629,14,1,0,1
513,1514,0,2.9,0,0,0,27,3,1,1152,20,1,1,1
514,1054,1,1.8,1,3,1,40,7,10,2296,12,0,1,1
515,1457,0,1.9,1,1,1,16,3,10,1440,12,0,1,1
516,1757,0,0.5,0,8,0,49,6,14,2056,4,0,0,1
517,1484,0,3.0,0,3,0,12,3,5,1457,20,1,0,1
518,819,0,0.6,1,8,1,42,6,20,1814,13,0,1,1
519,1103,0,1.0,1,6,0,29,6,8,1837,16,1,1,1
520,1008,0,0.8,0,11,0,61,3,15,2009,11,0,0,1
521,1127,1,2.9,1,5,1,57,1,13,2048,17,1,1,1
522,1412,1,2.4,0,5,0,25,8,17,837,4,0,1,1
523,1322,0,1.7,1,6,0,7,3,9,1418,12,1,0,1
524,593,0,0.5,0,6,0,31,7,7,1692,7,0,0,1
525,1732,1,1.1,0,4,1,12,8,9,1308,11,0,1,1
526,543,0,0.5,0,0,0,57,5,4,2413,15,0,0,1
527,832,0,0.7,1,2,1,39,4,3,1799,11,0,1,1
528,783,0,1.8,1,0,1,43,3,4,2016,18,1,0,1
529,617,1,2.3,0,0,0,32,7,20,2213,7,0,0,1
530,1084,1,2.6,0,3,1,40,3,11,1945,10,1,0,1
531,1778,0,0.5,0,0,0,15,3,0,1214,14,0,0,1
532,1564,0,2.3,0,4,1,25,6,17,1496,7,1,1,1
533,1790,0,2.5,1,9,0,2,1,14,1366,20,1,1,1
534,668,0,2.9,1,7,0,30,8,12,2399,7,1,1,1
535,1272,1,2.5,1,0,0,22,6,8,2235,4,0,0,1
536,1101,0,1.8,0,0,0,31,2,7,2196,19,1,1,1
537,843,1,0.5,0,1,1,56,5,17,2341,20,1,1,1
538,1692,1,2.1,0,3,1,61,6,12,1354,19,0,0,1
539,1692,0,2.3,1,4,1,46,1,6,1394,6,1,0,1
540,1840,0,0.5,1,12,0,34,1,16,1078,10,0,0,1
541,748,1,1.7,0,0,1,27,8,4,2126,7,0,0,1
542,1569,0,2.8,1,17,0,44,4,20,1260,17,0,0,1
543,1854,0,3.0,0,2,1,8,5,5,1886,20,1,0,1
544,801,1,2.2,1,2,0,63,7,4,1617,19,0,1,1
545,1905,1,0.5,0,3,1,6,1,5,1545,10,1,0,1
546,596,0,1.4,0,8,0,46,1,18,2505,15,1,0,1
547,609,0,0.5,0,3,0,26,4,4,1866,14,1,1,1
548,1905,0,0.6,1,9,1,36,3,20,1287,16,0,0,1
549,1445,1,2.4,1,7,1,20,7,15,1441,13,1,1,1
550,1265,0,1.5,0,7,0,49,5,16,1362,12,0,1,1
551,1336,0,0.9,0,5,1,17,5,9,1869,16,1,1,1
552,1886,0,0.5,0,0,1,24,3,1,1179,20,0,1,1
553,1442,0,1.0,1,0,0,27,3,19,2227,20,1,0,1
554,1133,0,1.4,0,3,0,42,5,12,1457,20,0,1,1
555,1330,0,0.5,0,0,0,38,7,1,1733,11,0,1,1
556,1273,0,1.0,0,3,1,48,4,15,1767,11,1,0,1
557,957,1,2.5,0,4,0,7,5,10,1846,7,0,1,1
558,708,1,2.7,1,0,1,63,8,7,2169,7,1,1,1
559,507,1,0.5,1,1,0,32,7,11,1702,5,1,1,1
560,754,0,0.5,1,7,1,59,7,10,1027,5,0,0,1
561,728,0,2.7,1,0,0,25,4,1,2039,12,1,1,1
562,1992,1,1.6,0,5,1,57,2,15,606,4,1,1,1
563,1054,0,1.1,1,10,1,38,6,12,1675,14,1,1,1
564,1281,1,2.3,1,0,0,28,1,6,1129,6,1,0,1
565,1611,1,0.5,1,11,0,3,3,14,1595,9,0,1,1
566,1281,1,2.8,1,3,1,8,4,19,1851,9,1,0,1
567,1839,1,1.2,0,9,1,54,7,11,927,18,0,1,1
568,659,0,2.7,0,6,1,6,3,7,2044,2,0,1,1
569,1172,0,1.9,0,0,1,27,1,3,1477,6,0,0,1
570,1191,0,1.3,1,16,1,26,1,20,1604,9,0,1,1
571,615,1,0.5,1,0,0,42,6,4,2211,18,0,1,1
572,1162,0,2.0,0,0,1,56,7,1,1652,20,0,0,1
573,1329,1,1.0,0,1,0,52,6,2,1228,6,0,1,1
574,1656,1,0.5,1,8,1,38,7,17,1499,19,0,1,1
575,1348,0,2.0,0,18,0,52,3,20,955,7,1,1,1
576,1956,0,2.2,0,0,1,37,3,2,1109,19,1,0,1
577,1648,0,0.7,0,6,1,64,4,9,610,6,1,0,1
578,1097,0,2.1,1,6,0,64,3,8,1725,9,0,1,1
579,1995,1,0.5,0,6,0,26,1,15,1322,7,1,1,1
580,972,1,0.5,1,5,0,13,5,8,1615,13,1,0,1
581,662,0,0.5,0,5,0,20,1,10,2125,15,1,1,1
582,1867,0,2.3,0,0,1,9,6,3,990,2,0,1,1
583,1730,0,2.0,1,0,1,20,4,10,1595,12,1,0,1
584,1723,1,1.0,0,1,1,7,3,17,1213,16,1,1,1
585,811,1,2.4,1,5,1,2,6,13,2111,2,0,1,1
586,654,1,1.3,0,0,1,52,4,4,1036,13,0,0,1
587,609,1,3.0,0,15,1,44,1,16,2581,15,0,1,1
588,1610,1,2.9,0,7,1,64,4,12,941,9,1,0,1
589,809,0,0.8,0,10,0,21,7,19,1274,3,0,0,1
590,1725,0,0.5,1,8,1,52,6,12,1243,5,1,1,1
591,1011,0,1.1,0,4,1,36,7,18,2261,16,1,1,1
592,930,1,1.3,1,1,1,14,6,10,2457,17,1,0,1
593,1874,1,2.7,1,10,0,8,7,13,1246,2,0,1,1
594,560,0,0.5,0,14,0,23,8,15,2360,18,1,1,1
595,1036,1,2.4,0,0,0,39,7,3,2101,2,1,0,1
596,1945,0,1.6,1,0,1,57,4,1,732,14,1,0,1
597,1323,1,2.5,1,10,1,28,4,12,1892,15,1,1,1
598,1478,1,0.8,1,12,0,48,5,17,1141,6,0,1,1
599,912,1,2.0,0,1,0,54,8,5,2330,20,1,0,1
600,651,1,0.8,1,2,1,63,5,4,2244,19,1,0,1
601,1483,0,2.1,0,1,1,54,7,2,1851,2,1,0,1
602,1456,1,0.5,1,7,0,7,5,12,1587,20,0,1,1
603,1197,0,1.3,0,3,1,20,6,7,1797,4,1,1,1
604,1048,1,0.9,0,10,1,28,2,19,1458,15,0,1,1
605,1772,1,0.5,1,3,0,64,8,15,1834,20,1,1,1
606,1464,0,0.5,1,0,1,17,6,8,1277,19,0,0,1
607,1472,0,2.8,1,1,0,36,6,10,985,7,1,0,1
608,1654,0,1.8,0,1,0,11,7,2,1070,14,1,1,1
609,1448,0,1.4,1,13,0,26,3,16,1175,6,1,0,1
610,1844,1,2.3,1,1,0,51,8,3,1724,14,1,1,1
611,712,1,0.5,1,3,1,35,2,10,2190,4,1,1,1
612,972,1,1.7,0,0,1,54,3,4,1900,19,0,1,1
613,1172,1,2.1,1,4,0,41,3,7,1107,5,0,0,1
614,664,0,1.2,1,0,0,28,5,5,2042,19,1,0,1
615,1986,0,0.5,1,3,1,51,8,20,1614,3,1,1,1
616,1845,1,0.5,1,10,0,61,1,12,1731,6,0,0,1
617,1077,0,2.5,1,0,1,45,3,4,1965,6,1,0,1
618,1579,1,1.5,0,0,0,27,6,18,1713,10,1,1,1
619,1949,0,1.8,0,0,0,20,5,4,1125,9,0,0,1
620,1225,1,2.4,0,0,0,15,5,0,1970,15,1,0,1
621,1337,0,0.5,0,13,0,31,2,20,2180,16,0,1,1
622,1661,1,0.8,1,1,1,6,7,2,864,2,0,1,1
623,1846,1,0.6,0,1,0,19,1,2,1333,11,1,1,1
624,1417,1,0.5,0,10,1,45,4,19,2129,12,0,1,1
625,1074,0,2.4,1,2,1,9,6,14,1948,18,1,1,1
626,1039,0,1.3,0,0,1,12,8,0,1619,10,1,1,1
627,1128,1,1.1,0,9,1,46,8,10,1434,11,0,0,1
628,1217,1,0.5,0,3,0,17,4,13,1711,9,0,1,1
629,525,1,0.5,1,5,0,51,8,11,1891,12,1,0,1
630,569,0,0.6,1,2,0,39,8,9,2811,7,0,1,1
631,1590,0,1.9,1,3,1,21,5,18,1701,4,0,1,1
632,707,0,0.5,0,0,1,16,2,0,1853,12,1,1,1
633,767,0,1.9,0,16,1,19,6,17,2445,6,1,1,1
634,1350,1,0.5,1,0,1,50,8,4,2287,8,1,0,1
635,1002,0,0.8,1,0,1,35,2,4,1726,19,0,1,1
636,1900,1,2.0,1,1,0,41,8,6,850,4,1,1,1
637,1544,0,2.3,0,12,1,45,8,20,1300,18,1,0,1
638,1229,0,0.5,1,15,0,14,2,16,1667,17,0,1,1
639,1290,0,0.5,0,0,0,3,6,4,1214,15,1,1,1
640,1269,1,1.3,0,14,0,52,2,15,665,5,0,0,1
641,1663,1,0.5,0,0,0,40,4,15,1336,15,0,0,1
642,1263,0,0.5,0,12,0,64,5,18,1183,17,0,1,1
643,1170,0,2.9,1,2,0,40,6,5,2366,2,1,1,1
644,1770,0,2.3,1,0,0,7,7,6,1480,17,0,0,1
645,1312,0,0.5,1,0,1,28,2,0,1087,14,0,0,1
646,1958,1,1.9,1,0,0,4,2,3,1409,3,0,0,1
647,1109,1,2.7,1,1,0,39,1,9,1524,7,1,1,1
648,1944,1,0.5,0,5,1,36,6,18,584,13,1,0,1
649,1919,0,1.5,0,5,1,48,4,6,1391,12,0,1,1
650,501,0,2.3,0,12,1,54,4,19,2346,2,0,1,1
651,1227,1,1.1,1,0,0,34,3,3,1324,12,1,1,1
652,1914,0,0.7,0,1,0,35,8,2,643,8,0,1,1
653,946,0,2.1,0,0,1,19,8,0,2104,16,1,0,1
654,1231,0,1.2,1,5,0,54,3,10,1762,6,1,0,1
655,701,1,0.7,0,7,0,15,3,11,1756,17,1,1,1
656,955,0,0.5,1,4,0,43,5,8,1432,9,1,1,1
657,924,0,0.5,1,0,1,47,8,6,1620,12,0,0,1
658,1762,1,2.7,1,13,1,25,1,14,1896,20,1,1,1
659,709,1,2.0,1,0,0,35,1,0,1973,16,1,1,1
660,571,0,1.6,1,8,0,35,7,20,2598,8,1,0,1
661,1778,0,1.4,1,3,1,45,4,17,1624,9,1,0,1
662,1695,0,0.5,1,6,1,46,3,9,446,15,1,1,1
663,723,0,0.5,0,0,1,3,4,3,1851,16,0,0,1
664,852,0,1.0,1,4,1,62,7,13,2253,7,1,0,1
665,804,1,0.8,1,12,1,41,1,13,2027,11,0,0,1
666,706,0,0.5,0,13,1,31,3,19,2419,4,0,1,1
667,705,1,0.5,0,5,1,57,6,9,1509,18,1,1,1
668,986,1,1.5,0,1,1,23,8,3,2385,19,0,0,1
669,1310,0,1.4,0,0,0,33,1,14,1301,19,0,1,1
670,560,1,2.0,1,6,1,57,3,12,2167,7,0,1,1
671,1744,1,1.0,0,1,1,20,8,3,1205,14,0,0,1
672,817,0,1.3,0,0,0,11,3,11,2039,19,1,0,1
673,1397,0,2.4,1,5,1,3,3,15,1378,4,1,1,1
674,1068,0,2.0,1,1,1,37,7,13,1803,7,0,0,1
675,1156,0,0.5,0,6,0,61,7,9,1796,13,1,1,1
676,696,0,0.5,0,6,0,51,3,8,2630,9,0,1,1
677,1981,1,1.9,1,13,0,45,6,18,1380,13,1,0,1
678,1590,0,0.6,1,0,0,7,3,17,1201,18,1,1,1
679,1936,1,1.9,1,13,1,34,7,14,1671,9,0,1,1
680,1159,1,2.8,0,5,1,18,1,7,2246,3,1,0,1
681,1648,1,0.5,0,1,1,17,2,3,1184,2,0,1,1
682,1331,1,1.6,0,0,0,16,2,7,1026,20,0,1,1
683,1620,0,2.6,1,6,0,5,6,18,1086,13,0,0,1
684,1092,0,2.7,1,8,0,45,1,10,1303,20,1,1,1
685,891,0,0.5,1,9,1,25,2,19,2073,10,0,1,1
686,576,0,0.8,0,0,1,27,2,4,1519,8,0,1,1
687,1592,0,2.1,0,6,1,50,2,17,2103,7,0,0,1
688,1204,1,2.6,0,0,0,10,7,3,1724,19,0,0,1
689,1439,0,0.9,0,12,1,20,1,17,1790,15,0,1,1
690,1929,1,0.5,1,0,1,19,6,2,1913,6,1,0,1
691,721,1,1.3,1,10,0,16,1,18,1713,4,1,1,1
692,918,0,0.9,1,1,0,8,7,5,1652,14,1,0,1
693,1593,1,1.0,0,0,1,52,8,0,1354,13,1,1,1
694,833,1,2.2,0,4,0,27,1,6,2150,7,1,1,1
695,571,0,0.6,0,1,1,43,3,8,2587,18,0,0,1
696,510,0,1.7,1,3,0,35,3,6,2509,11,1,1,1
697,814,1,1.1,1,2,0,41,2,10,1944,12,0,0,1
698,1068,0,1.3,0,6,1,52,8,7,1436,15,0,0,1
699,1878,1,0.5,0,9,0,29,8,19,1334,2,0,0,1
700,569,1,0.5,1,10,1,4,3,19,2351,10,1,0,1
701,1332,0,0.8,1,2,0,11,2,4,1285,9,1,0,1
702,1918,0,2.8,0,1,0,22,1,5,1369,6,1,1,1
703,1829,0,1.7,0,0,0,36,5,1,1475,7,0,0,1
704,1132,0,1.0,0,0,0,8,1,4,1950,6,1,1,1
705,1181,0,2.3,0,12,1,61,2,16,2020,18,1,0,1
706,1254,0,1.7,0,0,1,45,3,3,606,2,1,1,1
707,868,0,1.7,0,0,0,30,4,0,1653,17,0,0,1
708,1284,1,2.8,1,0,0,10,2,14,2197,9,1,1,1
709,1763,0,2.9,1,1,1,53,4,20,2066,17,1,1,1
710,1265,0,0.6,1,4,1,49,1,5,1518,8,0,1,1
711,1624,1,2.6,1,0,0,58,3,11,1251,18,1,1,1
712,1027,1,2.2,0,0,0,63,5,4,1732,13,1,1,1
713,1048,1,1.5,0,2,1,29,1,4,2146,2,0,0,1
714,1496,1,1.9,1,13,0,38,4,14,1927,6,0,1,1
715,1991,1,1.8,0,11,0,9,3,12,1511,9,0,0,1
716,1428,1,1.6,0,0,0,7,4,2,1808,13,1,0,1
717,1584,1,1.3,0,6,0,41,4,15,1561,17,0,1,1
718,1382,1,0.5,0,7,1,13,2,18,2073,9,0,1,1
719,633,1,1.4,0,0,1,46,6,10,1401,11,1,0,1
720,922,1,0.7,0,0,1,47,8,14,1464,12,0,1,1
721,1008,0,2.5,0,3,0,36,1,14,1083,6,0,0,1
722,1660,0,2.8,1,4,0,7,1,6,1531,7,0,0,1
723,1861,1,0.9,0,4,1,55,7,8,601,4,0,0,1
724,1923,0,0.5,1,7,0,46,1,10,1489,3,1,1,1
725,1345,1,3.0,0,7,1,38,3,11,1322,15,0,0,1
726,904,0,1.6,1,5,1,14,8,9,1846,3,0,1,1
727,892,1,0.5,0,0,1,47,1,18,1241,9,0,1,1
728,1866,1,2.5,1,3,1,47,5,9,1444,20,0,0,1
729,1175,1,1.3,0,2,0,19,7,9,1944,9,1,0,1
730,559,1,0.5,0,10,0,11,5,14,2019,16,1,1,1
731,1483,1,2.6,1,13,0,19,7,19,1587,19,0,0,1
732,860,1,1.6,1,13,0,48,7,18,1870,18,0,0,1
733,1090,0,1.3,1,5,0,27,4,16,1352,11,1,0,1
734,1963,1,1.0,0,16,1,34,2,17,714,2,0,1,1
735,1881,0,2.2,0,4,0,51,5,7,1229,14,0,0,1
736,1986,0,2.7,1,3,1,64,4,20,1377,15,1,1,1
737,1099,0,0.5,0,13,1,61,3,20,1699,3,1,1,1
738,502,0,1.5,1,7,0,37,2,12,1649,14,1,0,1
739,957,1,0.7,0,0,1,4,2,0,1898,3,1,0,1
740,1753,0,1.2,0,8,1,12,7,17,1445,12,1,1,1
741,1122,0,2.8,0,0,0,28,3,4,1402,3,1,0,1
742,504,1,0.5,1,2,1,46,5,14,2085,8,0,0,1
743,1218,1,2.8,1,3,0,39,7,14,1667,12,0,0,1
744,673,1,1.7,1,3,1,22,1,5,2050,17,1,0,1
745,718,0,0.7,1,0,1,21,1,7,1754,9,0,1,1
746,864,0,1.7,0,3,1,35,3,7,1904,13,1,1,1
747,547,0,1.9,1,1,0,37,5,4,2705,10,1,0,1
748,1793,0,0.7,1,11,0,27,5,13,1370,19,0,1,1
749,1720,1,0.7,1,0,0,19,2,3,1222,7,0,0,1
750,643,0,1.0,0,9,1,18,8,12,2648,18,1,1,1
751,1522,1,0.7,1,4,0,28,1,5,1368,17,0,1,1
752,1872,0,0.5,1,3,0,17,6,6,724,9,0,1,1
753,1540,0,0.7,1,1,0,60,7,12,1591,2,0,1,1
754,518,1,2.4,0,0,1,62,6,0,2514,7,1,1,1
755,1449,0,0.8,1,3,1,10,1,12,1032,8,1,1,1
756,1076,0,2.5,0,3,0,14,5,4,2043,14,0,0,1
757,1044,1,2.8,1,7,0,33,4,13,1816,15,0,1,1
758,1869,0,2.6,0,0,1,30,1,13,1375,19,0,0,1
759,1331,0,0.5,0,8,0,55,3,15,1732,11,0,1,1
760,605,0,1.5,0,9,1,18,2,14,2301,8,0,0,1
761,775,1,2.5,1,1,1,10,7,14,1719,18,1,1,1
762,1375,0,0.5,1,2,1,35,2,3,1947,15,1,1,1
763,1672,1,0.5,1,13,1,32,1,20,1267,20,1,0,1
764,989,1,1.8,1,4,1,55,1,12,1737,10,0,1,1
765,745,1,0.6,1,5,0,35,8,10,2459,16,1,0,1
766,1341,1,2.1,1,0,0,36,8,1,2200,15,1,0,1
767,1729,1,2.1,1,1,0,12,1,6,1519,5,0,1,1
768,635,1,0.6,1,1,1,50,5,13,2107,12,0,0,1
769,1528,1,1.8,1,3,1,55,5,6,1282,11,1,1,1
770,1344,0,1.5,0,1,0,14,1,3,2074,5,1,0,1
771,564,0,3.0,1,1,0,8,2,3,2227,14,0,1,1
772,1285,0,2.4,0,1,1,51,7,2,2094,10,0,0,1
773,727,1,1.5,0,0,1,32,7,1,1891,7,0,1,1
774,1396,0,1.5,1,0,1,44,6,1,1386,8,1,1,1
775,696,1,2.4,0,11,1,35,3,13,2022,4,0,1,1
776,1009,1,1.0,1,2,0,2,8,14,1716,15,0,0,1
777,1414,1,2.2,1,0,1,49,4,1,2290,12,1,0,1
778,1250,1,1.4,0,8,0,44,7,20,1882,14,0,0,1
779,618,1,0.5,1,2,1,57,3,7,2399,17,1,1,1
780,1271,0,1.5,1,0,0,2,1,1,892,20,1,0,1
781,1299,0,2.8,1,2,0,60,8,6,1412,20,1,1,1
782,1129,1,2.8,1,0,0,49,2,2,1857,5,1,1,1
783,1068,0,2.7,1,0,1,45,5,1,1754,9,0,1,1
784,1524,0,2.5,1,11,1,41,4,20,1936,9,1,1,1
785,1093,0,1.9,1,2,1,22,8,14,1869,4,1,1,1
786,989,1,0.7,0,13,1,51,3,15,2349,20,0,1,1
787,1895,0,0.5,0,2,1,5,1,11,774,6,1,0,1
788,1177,0,0.9,0,1,0,11,4,7,1887,11,1,1,1
789,1158,0,0.7,1,1,1,29,2,20,1542,15,0,1,1
790,1820,1,1.7,1,0,1,64,1,3,574,18,1,0,1
791,1180,1,1.2,0,5,1,50,4,20,1464,20,1,1,1
792,718,0,2.8,0,10,0,59,6,13,1824,3,1,0,1
793,1670,1,1.6,1,0,0,47,8,15,876,5,1,0,1
794,1566,1,0.5,1,0,0,20,2,0,659,13,1,1,1
795,913,0,1.7,1,1,1,41,1,14,2278,18,1,0,1
796,1449,1,0.5,1,0,0,52,6,0,2036,10,1,0,1
797,1796,0,1.6,1,5,0,7,4,6,1642,3,1,1,1
798,676,0,2.2,0,1,1,39,1,5,2064,6,0,0,1
799,1020,0,1.5,0,13,1,7,3,18,1142,8,0,1,1
800,896,0,1.0,1,3,1,4,1,4,1060,4,1,1,1
801,627,1,1.6,1,3,1,12,7,17,2476,10,0,0,1
802,1602,0,2.7,0,4,1,46,1,5,1862,2,0,1,1
803,1426,0,1.6,0,4,1,12,5,16,1277,5,0,0,1
804,609,1,0.5,0,4,1,10,6,6,1905,18,1,1,1
805,1541,1,2.8,1,10,1,28,5,15,1108,7,0,1,1
806,615,1,0.5,1,7,0,58,5,8,1906,5,0,0,1
807,1874,1,0.6,0,1,0,19,2,9,1218,17,1,0,1
808,1023,1,2.3,1,5,1,30,8,7,2086,19,1,1,1
809,1426,1,0.8,0,2,1,42,3,10,1356,16,0,1,1
810,1433,1,2.3,0,2,1,5,5,11,2132,19,0,1,1
811,643,1,0.7,1,3,1,23,1,9,2096,2,0,0,1
812,1142,1,1.1,0,0,1,6,4,0,1273,6,0,0,1
813,1510,0,0.6,1,1,0,32,3,8,854,10,0,1,1
814,1538,1,2.3,0,6,1,13,7,7,1494,12,1,1,1
815,712,0,0.5,0,6,0,27,2,11,2001,12,1,1,1
816,1507,1,0.9,1,0,1,42,5,0,1486,19,0,0,1
817,769,1,1.2,0,2,0,17,8,4,1877,11,0,1,1
818,507,1,1.9,1,0,1,39,1,0,2124,12,1,0,1
819,1384,1,2.8,1,15,0,60,3,18,1221,15,0,1,1
820,1407,0,1.8,1,5,1,16,4,6,1068,8,1,0,1
821,614,0,2.9,1,3,1,24,4,7,1930,4,0,1,1
822,1972,0,2.9,0,9,0,14,7,18,1316,8,1,0,1
823,1039,0,0.5,1,8,0,47,8,9,1742,15,0,0,1
824,1423,0,0.6,0,12,0,44,5,13,2253,9,0,0,1
825,1974,0,0.5,1,9,0,10,6,12,1433,17,0,0,1
826,1429,0,0.6,0,8,0,42,5,9,1817,16,0,0,1
827,1885,0,2.4,1,12,1,14,4,15,1277,16,0,1,1
828,1321,1,1.3,0,0,1,63,8,9,1464,16,1,1,1
829,1021,0,1.3,0,7,0,9,2,12,1355,14,1,0,1
830,1210,1,1.6,1,9,0,57,4,20,1886,17,0,1,1
831,1949,1,0.5,1,2,1,31,5,9,832,19,0,0,1
832,1318,0,1.9,1,0,1,11,2,15,1780,2,0,0,1
833,1708,0,0.8,0,8,1,14,4,16,1247,16,0,0,1
834,1604,1,1.9,1,0,1,63,5,2,1464,20,1,0,1
835,771,0,2.9,0,2,0,62,1,8,1628,6,1,0,1
836,1163,1,1.9,0,6,0,2,5,20,1568,19,0,0,1
837,1805,1,0.5,0,0,0,29,4,2,1276,17,1,0,1
838,794,0,2.5,1,15,0,14,3,19,2171,18,0,1,1
839,1973,1,0.5,1,3,0,21,8,7,1724,8,0,1,1
840,1731,1,2.3,1,18,0,60,4,20,1220,20,1,0,1
841,856,0,1.9,1,0,1,14,1,7,2439,12,1,1,1
842,714,1,0.5,0,1,0,30,4,2,2302,10,1,1,1
843,1987,1,1.9,0,0,0,50,8,18,857,6,1,0,1
844,1352,0,2.4,0,5,1,6,6,9,1309,14,0,0,1
845,1600,0,2.5,1,1,0,19,6,9,1179,18,0,1,1
846,1454,0,1.4,1,8,0,37,8,20,1713,19,0,0,1
847,1489,0,2.1,1,0,0,9,3,1,1663,14,0,1,1
848,1581,1,1.0,0,9,0,41,4,19,1384,2,1,1,1
849,1672,1,1.7,1,1,1,44,8,4,1348,7,1,1,1
850,688,1,2.5,0,9,0,40,5,20,1382,8,1,0,1
851,973,0,0.5,1,5,0,53,5,7,1861,16,1,0,1
852,659,0,0.5,1,7,1,5,8,10,2190,16,1,0,1
853,1392,0,2.5,0,0,1,44,4,2,1280,16,0,1,1
854,531,1,0.5,1,0,1,12,4,3,2331,20,0,1,1
855,1450,0,2.1,0,1,0,31,5,4,794,9,1,1,1
856,832,1,0.5,0,5,1,22,1,8,1666,20,1,1,1
857,867,1,1.5,0,0,1,57,4,0,2157,18,0,0,1
858,1404,0,2.1,0,16,0,44,1,20,1196,5,0,1,1
859,1368,0,0.5,0,10,1,42,1,20,1590,14,0,0,1
860,510,0,2.6,0,0,0,33,6,10,1693,5,1,0,1
861,1576,1,2.0,0,0,1,20,3,0,1379,16,0,1,1
862,714,1,2.1,1,5,1,11,3,6,1164,19,1,0,1
863,1595,0,1.9,1,1,0,63,1,20,908,6,0,1,1
864,541,0,1.0,0,0,1,10,4,0,1019,15,1,0,1
865,1154,0,1.1,1,2,1,5,1,13,1470,12,0,0,1
866,603,0,1.5,0,8,0,12,6,20,1543,19,1,0,1
867,520,0,2.3,0,0,1,31,6,14,2753,17,0,1,1
868,565,0,0.6,1,1,0,50,2,8,2156,6,1,1,1
869,1143,0,1.2,1,1,1,22,3,6,1214,16,1,0,1
870,1015,1,0.8,0,5,0,12,3,14,2293,2,1,0,1
871,881,0,1.0,0,1,0,64,3,6,2110,6,1,1,1
872,1186,1,0.5,1,2,0,21,8,4,2361,7,0,0,1
873,1762,0,0.7,0,7,0,60,4,10,1380,14,0,0,1
874,848,1,1.5,1,4,1,36,4,16,2289,19,1,1,1
875,827,1,0.6,1,9,1,35,6,17,2367,15,0,1,1
876,1063,0,1.5,0,7,0,3,4,10,1919,20,1,0,1
877,834,0,0.5,0,2,1,27,1,16,1591,20,1,0,1
878,1081,1,1.9,1,13,1,42,7,17,2456,7,0,0,1
879,1128,1,0.5,1,6,0,33,8,7,1440,19,0,0,1
880,826,1,2.4,1,14,1,57,2,17,1907,5,0,0,1
881,1162,0,1.0,0,0,0,50,4,10,1404,15,1,1,1
882,1028,1,2.8,0,1,1,30,1,10,1424,13,0,1,1
883,1831,1,2.2,1,4,0,55,8,9,1133,10,1,0,1
884,1412,0,0.6,0,9,0,57,3,10,1853,18,0,1,1
885,1772,1,1.6,0,17,1,45,2,18,1146,17,1,0,1
886,1280,1,1.3,0,0,1,39,7,1,2335,2,0,1,1
887,1712,1,0.9,1,2,0,23,7,19,1422,15,1,0,1
888,1957,0,1.2,1,18,1,36,2,19,1115,18,0,1,1
889,911,1,2.2,1,1,1,28,2,2,2638,13,1,1,1
890,940,0,2.9,0,0,0,16,4,1,2192,9,1,1,1
891,1494,0,2.4,0,6,1,3,7,17,1208,17,1,0,1
892,999,0,1.7,0,6,0,49,1,17,1598,8,1,0,1
893,1715,0,2.6,1,9,1,15,6,20,1249,4,1,0,1
894,546,1,2.6,1,5,0,26,5,15,1550,3,1,0,1
895,1093,0,0.5,0,1,1,31,2,12,1646,6,1,0,1
896,826,0,0.6,0,3,0,62,4,19,1998,17,0,0,1
897,586,1,0.6,0,16,1,42,7,17,1869,7,1,1,1
898,1776,1,2.1,1,10,0,35,4,16,1813,20,1,1,1
899,984,1,2.2,1,0,1,39,8,18,2013,16,1,0,1
900,557,0,0.5,1,3,0,17,6,4,2623,16,0,0,1
901,1129,1,0.8,1,9,1,21,2,10,1400,13,1,0,1
902,1057,1,2.7,0,3,1,41,4,10,2033,2,1,0,1
903,1862,0,1.5,0,1,0,62,1,2,1017,9,0,0,1
904,555,1,3.0,1,5,1,38,2,10,1686,8,0,1,1
905,1232,0,1.2,0,12,0,30,6,14,1656,15,1,1,1
906,1469,0,1.7,1,11,1,44,2,14,1687,5,1,1,1
907,1695,1,0.5,1,2,1,47,5,13,1629,11,1,0,1
908,1713,1,2.0,0,9,1,5,6,16,1513,2,0,1,1
909,1175,1,1.7,1,1,1,45,2,7,2240,5,1,0,1
910,1940,1,1.0,1,0,1,5,4,1,820,3,1,1,1
911,855,1,0.5,0,2,1,59,2,3,1875,8,1,1,1
912,1307,0,1.8,0,2,0,7,7,3,1412,5,0,1,1
913,1509,0,0.6,1,5,0,50,4,8,1540,3,1,0,1
914,1150,1,0.5,1,4,1,27,1,17,1610,16,0,0,1
915,1208,0,2.9,0,5,1,16,1,19,2201,12,0,0,1
916,1559,1,1.3,1,10,1,10,8,17,2203,15,1,1,1
917,1902,0,0.5,0,10,0,13,4,11,940,15,1,0,1
918,1751,0,2.5,0,1,0,4,8,9,1155,12,1,1,1
919,1003,1,2.9,0,16,1,16,8,19,1798,10,0,0,1
920,1967,0,0.5,0,0,1,46,1,7,1567,7,1,0,1
921,962,0,1.0,1,14,0,2,1,20,1491,14,0,0,1
922,1379,1,1.5,0,6,1,9,8,13,1693,18,0,1,1
923,1504,0,1.9,1,7,1,25,4,9,1788,13,0,1,1
924,1125,1,2.7,0,10,0,23,1,14,1641,12,1,0,1
925,807,1,0.5,1,0,0,37,4,0,2319,4,0,0,1
926,1996,1,2.8,1,0,1,7,5,4,1258,16,0,0,1
927,1083,1,2.0,0,3,0,41,5,5,1543,10,0,1,1
928,1603,1,0.5,1,1,1,17,2,8,1637,11,0,1,1
929,1441,0,0.6,1,0,1,53,1,12,1393,4,1,1,1
930,1699,1,0.5,0,16,0,21,4,20,1181,18,1,0,1
931,916,1,0.5,0,0,1,47,4,1,1659,11,1,0,1
932,1117,1,0.5,1,2,0,21,2,19,1999,2,0,1,1
933,1065,0,2.8,1,0,1,21,5,3,1193,20,0,1,1
934,1779,1,2.6,1,2,0,5,1,3,1246,20,1,0,1
935,511,0,0.9,1,15,1,24,3,18,2378,4,0,0,1
936,1044,0,1.8,0,4,1,12,6,5,1794,19,1,1,1
937,731,1,0.5,1,0,1,28,8,0,1774,10,0,0,1
938,1261,0,0.5,0,3,1,52,2,9,1365,16,0,1,1
939,936,1,2.3,0,5,1,57,2,6,2049,5,1,0,1
940,508,1,1.3,0,1,0,50,5,9,2175,14,0,1,1
941,1936,0,1.3,0,2,0,44,3,3,1400,3,0,1,1
942,1329,1,1.7,0,5,1,23,8,6,2308,9,1,0,1
943,843,0,1.3,1,1,0,16,7,4,1734,14,0,1,1
944,1354,1,0.7,1,3,1,26,4,6,2090,13,1,0,1
945,1424,0,0.5,1,16,1,23,4,18,1053,16,1,1,1
946,583,1,0.9,1,1,0,51,8,2,1799,7,1,0,1
947,1777,0,2.2,1,0,0,15,4,7,1552,10,1,0,1
948,1299,1,2.8,1,0,0,64,6,6,1938,5,0,1,1
949,793,1,2.8,1,1,1,64,4,2,2296,5,1,0,1
950,722,0,1.1,0,12,0,12,6,20,2359,3,0,0,1
951,1035,1,1.9,1,8,0,11,6,10,2002,5,1,0,1
952,1702,1,2.3,1,12,1,47,2,19,595,19,0,1,1
953,628,1,1.8,0,5,0,60,6,6,1337,14,1,0,1
954,683,1,2.1,0,7,0,30,7,8,2066,15,0,0,1
955,537,1,2.0,0,1,1,55,7,2,2029,12,1,1,1
956,713,0,1.6,0,4,1,63,2,8,2082,12,0,0,1
957,1541,1,1.5,1,6,1,5,4,10,1795,4,1,1,1
958,877,0,1.5,1,0,1,17,7,0,2004,9,1,1,1
959,842,1,1.8,1,4,0,57,3,10,1903,14,1,0,1
960,623,1,0.8,0,6,1,26,7,12,1769,16,0,0,1
961,1680,1,1.2,1,6,1,37,4,7,1459,2,1,0,1
962,983,0,0.6,1,0,1,45,4,11,2052,6,0,1,1
963,1745,0,2.9,0,0,1,3,3,0,1308,2,1,0,1
964,1142,1,1.2,0,0,0,2,6,0,1747,14,1,0,1
965,608,1,0.5,1,0,0,64,4,0,2517,7,1,1,1
966,983,0,1.8,0,0,1,53,1,4,1389,8,1,1,1
967,1082,0,2.3,1,11,0,2,4,20,2177,17,1,0,1
968,1991,0,2.8,0,3,1,15,1,13,1861,17,1,1,1
969,1349,1,2.1,1,3,0,46,6,12,2367,10,0,1,1
970,1619,1,1.9,0,2,1,21,1,9,1641,13,0,0,1
971,1807,0,0.8,1,0,1,38,8,0,1069,7,0,0,1
972,955,1,0.5,0,2,0,2,4,10,1974,18,1,0,1
973,695,0,1.2,0,1,1,41,8,8,2282,17,1,0,1
974,1176,1,2.1,0,2,1,62,2,10,1534,17,0,0,1
975,569,1,2.5,1,0,0,41,1,1,2651,4,0,0,1
976,1982,1,1.6,0,2,1,12,5,20,1824,14,1,1,1
977,1122,0,0.5,0,0,1,40,7,14,1456,20,1,0,1
978,1854,0,0.9,1,0,1,33,1,0,1675,9,0,1,1
979,718,1,1.6,1,1,1,30,3,12,1601,12,1,1,1
980,897,1,2.0,0,3,1,2,8,10,1958,7,1,0,1
981,798,0,0.6,1,6,1,21,2,12,1647,3,0,0,1
982,1279,1,2.5,0,5,1,7,6,6,1150,7,0,0,1
983,748,0,1.4,0,0,0,25,7,14,1974,13,1,1,1
984,1561,1,1.6,1,1,1,27,3,10,1205,3,1,0,1
985,797,1,1.5,1,4,0,18,8,20,2052,14,1,1,1
986,1884,0,1.0,1,3,0,24,6,4,1396,9,1,1,1
987,1906,1,1.9,1,3,0,55,3,4,1871,4,0,1,1
988,1753,0,0.7,0,4,0,40,4,11,1112,15,1,1,1
989,1783,0,2.9,1,2,0,42,6,8,387,3,1,0,1
990,538,0,1.1,1,0,1,25,7,7,2215,17,1,1,1
991,915,1,0.5,1,9,1,33,2,16,2156,13,1,0,1
992,1483,1,2.2,0,3,1,53,5,11,1744,10,0,0,1
993,1614,0,1.2,0,1,1,9,3,2,1832,11,0,0,1
994,930,1,1.0,1,4,1,4,8,10,2016,16,1,1,1
995,1454,0,2.6,0,8,0,6,3,20,1300,2,0,1,1
996,797,0,2.2,1,0,0,37,7,2,2216,6,0,0,1
997,1139,1,0.9,1,6,1,58,2,11,1850,8,0,0,1
998,1547,1,2.9,0,2,0,57,1,3,1620,19,1,1,1
999,586,0,2.8,0,2,0,15,3,11,2592,3,0,0,1
